timestamp,task_name,success,duration_seconds,notes
2025-05-22 08:36:19,Task 1: Find weather in your city,Yes,55.6,Note 1
2025-05-22 08:33:19,Task 2: View the neighboring city weather forecast,Partial,89.1,Note 2
2025-05-22 08:30:19,Task 3: Convert unit temperature between Farenheit and Celsius,No,44.7,Note 3
2025-05-22 08:27:19,Task 1: Find weather in your city,Yes,72.8,Note 4
2025-05-22 08:24:19,Task 2: View the neighboring city weather forecast,Yes,61.3,Note 5
2025-05-22 08:21:19,Task 3: Convert unit temperature between Farenheit and Celsius,Partial,47.9,Note 6
2025-05-22 08:18:19,Task 1: Find weather in your city,Yes,59.0,Note 7
2025-05-22 08:15:19,Task 2: View the neighboring city weather forecast,No,85.5,Note 8
2025-05-22 08:12:19,Task 3: Convert unit temperature between Farenheit and Celsius,Yes,68.2,Note 9
2025-05-22 08:09:19,Task 1: Find weather in your city,Partial,71.6,Note 10
2025-05-22 08:06:19,Task 2: View the neighboring city weather forecast,Yes,56.3,Note 11
2025-05-22 08:03:19,Task 3: Convert unit temperature between Farenheit and Celsius,No,34.5,Note 12
2025-05-22 08:00:19,Task 1: Find weather in your city,Yes,66.0,Note 13
2025-05-22 07:57:19,Task 2: View the neighboring city weather forecast,Partial,92.3,Note 14
2025-05-22 07:54:19,Task 3: Convert unit temperature between Farenheit and Celsius,Yes,49.7,Note 15
2025-05-22 07:51:19,Task 1: Find weather in your city,No,87.4,Note 16
2025-05-22 07:48:19,Task 2: View the neighboring city weather forecast,Yes,62.8,Note 17
2025-05-22 07:45:19,Task 3: Convert unit temperature between Farenheit and Celsius,Yes,43.2,Note 18
2025-05-22 07:42:19,Task 1: Find weather in your city,Partial,77.1,Note 19
2025-05-22 07:39:19,Task 2: View the neighboring city weather forecast,No,58.6,Note 20
2025-05-22 07:36:19,Task 3: Convert unit temperature between Farenheit and Celsius,Yes,70.2,Note 21
2025-05-22 07:33:19,Task 1: Find weather in your city,Yes,60.1,Note 22
2025-05-22 07:30:19,Task 2: View the neighboring city weather forecast,Partial,79.9,Note 23
2025-05-22 07:27:19,Task 3: Convert unit temperature between Farenheit and Celsius,No,46.7,Note 24
2025-05-22 07:24:19,Task 1: Find weather in your city,Yes,53.6,Note 25
2025-05-22 07:21:19,Task 2: View the neighboring city weather forecast,Yes,64.8,Note 26
2025-05-22 07:18:19,Task 3: Convert unit temperature between Farenheit and Celsius,Yes,52.9,Note 27
2025-05-22 07:15:19,Task 1: Find weather in your city,No,83.4,Note 28
2025-05-22 07:12:19,Task 2: View the neighboring city weather forecast,Partial,74.3,Note 29
2025-05-22 07:09:19,Task 3: Convert unit temperature between Farenheit and Celsius,Yes,48.7,Note 30
